propertyType,assessorID,bedrooms,bathrooms,squareFootage,yearBuilt,legalDescription,subdivision,zoning,property_id
Single Family,"""49-324-0038""",3.0,2.0,1632.0,1999.0,"""LOT 38, PLAT B, PHEASANT MEADOWS SUBDV. AREA 0.325 AC""","""PHEASANT MEADOWS""",NaN,1
Single Family,"""18004203.""",0.0,1.0,912.0,1923.0,"""S SPARTA 81 HAGGERTY LAND COS SUB L36 P26 PLATS, W C R 18/367 34 X 118.32A""","""LAND COS SUB""","""R2""",2
Apartment,"""06656-00638B""",0.0,0.0,225968.0,1952.0,"""LOT:63 BLK:6656""",NaN,"""R4""",3
Single Family,"""102-14-0660""",0.0,2.0,2021.0,1976.0,"""LA CANADA FOOTHILLS LOT 59""","""LA CANADA FOOTHILLS""",NaN,4
Land,NaN,0.0,0.0,0.0,0.0,NaN,NaN,NaN,5
Single Family,"""9800-05-001-0130-901""",4.0,3.5,2200.0,2019.0,"""YOUNG RANCH SEC 5, BLOCK 1, LOT 13 (PT), (73% IN LAMAR CISD)""","""YOUNG RANCH SEC 5""",NaN,6
Single Family,"""425-12-00-069""",3.0,1.5,1075.0,1964.0,"""LEGAL DESCRIPTION SUBDIVISION NAME -WHITEHOUSE PLANT DESCRIPTION -LT 9 BLK G PLATSUFFIX Q-139 POLTWP 009""","""WHITEHOUSE PLANT""",NaN,7
Single Family,"""20  00038-0000-00013-  04""",5.0,2.0,3489.0,1985.0,"""LOT:13.04 BLK:38 DIST:20 CITY/MUNI/TWP:WARREN TWP MAP REF:TAX MAP 30""","""FOX HILL MDW SEC 01""","""R65""",8
Land,"""70-07-31-180-006.000-011""",0.0,0.0,0.0,0.0,"""WILSON ESTATES PART 1 LOT 2 1119 N MONROE WAY""","""WILSON ESTATES""",NaN,9
Single Family,"""00000427360000000""",4.0,2.5,4163.0,2021.0,"""SHANNON ESTATES BLK L/5699 LOT 22 INT202200145822 DD05202022 CO-DC 5699 00L 022 1005699L000""","""SHANNON ESTATES""","""Z298""",10
Single Family,"""26122.0623""",5.0,3.5,4178.0,2002.0,"""RIVER WOOD ESTATES LT 23 BLK 1""","""RIVER WOOD ESTATES""",NaN,11
Single Family,"""50-2-4578-00""",3.0,1.0,1720.0,1950.0,"""342'10 1/2 W ROSNEY""",NaN,"""RSA3""",12
Single Family,"""122DA011""",3.0,1.5,1776.0,1959.0,"""SUBDIVISIONNAME GEYLAND HGTS MAPPLATB 14 MAPPLATP 180 D IMENSIONS 355.13 X 211M X IRR""","""GEYLAND HGTS""",NaN,13
Single Family,"""5811.1825-9""",3.0,2.5,2054.0,2021.0,"""LOT 338, LAKEWOOD RANCH SOLERA PHASE IA & IB PI #5811.1825/9""","""LAKEWOOD RANCH SOLERA PH IA & IB""","""PD-R""",14
Land,"""661-360-041""",0.0,2.0,0.0,2006.0,"""LOT 41, TRACT NO. 30615-2, AS SHOWN BY MAP ON FILE IN BOOK 367, PAGES 61 THROUGH 66 OF MAPS, RECORDS OF RIVERSIDE COUNTY,""",NaN,"""CBOOK""",15
Unknown,NaN,0.0,0.0,0.0,0.0,NaN,NaN,NaN,16
Single Family,"""07  01192-  30-00005""",2.0,2.0,1024.0,1973.0,"""LOT:5 BLK:1192.30 DIST:07 CITY/MUNI/TWP:BRICK TWP MAP REF:TAX MAP 62.5""","""SKYLARK VILLAGE SEC 23""","""RR2""",17
Single Family,"""71-04-15-378-008.000-011""",4.0,2.5,2767.0,1988.0,"""QUAIL VALLEY AT KNOLLWOOD SEC TWO LOT 195""","""QUAIL VLY/KNOLLWOOD""",NaN,18
Single Family,"""24-29-23-14-0019""",3.0,2.5,2756.0,1993.0,"""RICE STREET VILLAS LOTS 34 35 AND LOT 36 BLK 9""","""RICE STREET VILLAS""","""H""",19
Single Family,"""7-310 -380""",4.0,2.5,2980.0,2001.0,"""L48 BA GRANDVIEW #7""","""GRANDVIEW""","""R100M-SINGLE FAM RES""",20
Single Family,"""HAMD M:2829 B:191 L:00-0000""",3.0,2.0,1680.0,1980.0,"""BLK:191 CITY/MUNI/TWP:HAMDEN""",NaN,"""R4""",21
Multi-Family,"""12-19-223-007""",0.0,1.0,840.0,1937.0,"""J I MCCAWLEY'S ADDN SUB LOT 3 OF LOT 3""",NaN,NaN,22
Single Family,"""046-151-003-000""",2.0,2.5,1536.0,2007.0,"""RS 29/15 L 1 OUTINGDALE SUB""","""OUTINGDALE SUB""",NaN,23
Single Family,"""R0356033""",3.0,3.0,2496.0,1991.0,"""LOT 16 HIGHLANDS RANCH 96A 0.274 AM/L""","""HIGHLANDS RANCH""",NaN,24
Single Family,"""R000021114""",0.0,3.0,3820.0,1973.0,"""ACRES: 0.268 BLK: 006 LOT: 007 E.7 & ALL OF 8 ADDN: GODDARD HEIGHTS SEC 4""","""GODDARD HEIGHTS""",NaN,25
Single Family,"""0228-711-48-0000""",4.0,2.0,1628.0,1998.0,"""TRACT 15655-5 LOT 5 BOOK 266 PAGE 4""",NaN,NaN,26
Single Family,NaN,2.0,2.0,1220.0,1858.0,NaN,NaN,NaN,27
Single Family,"""335200 14-1-95""",3.0,2.0,1184.0,1977.0,"""LT 1 M&M RD PROPERTY""","""M & M ROAD PROPERY SUB""","""R2""",28
Single Family,"""046-171-31""",0.0,0.0,1723.0,2019.0,"""T21S R54E S4 F#883758 B.1 L.78 .120 ACRES MOUNTAIN FALLS PLANNING AREA 4C""","""MOUNTAIN FALLS""","""SP""",29
Single Family,"""01294-19-003-000""",3.0,1.0,996.0,1949.0,"""BURNS HEIGHTS B2 L30 & 31 & S 10FT OF L29""","""BURNS HEIGHTS""","""E-SU-DX""",30
Single Family,"""094167J B 01800""",3.0,3.0,2215.0,1995.0,"""SUBD WITT HILL SEC 2 PB 19 PG 46 LOT 0067""","""WITT HILL""",NaN,31
Condo,"""634-212-015""",2.0,1.0,1384.0,1998.0,"""UNIT 64 CM 106/001 INT IN COM LOTS 1-P,2-P,4-P,5-P TR 23322 MB 245/""","""OASIS COUNTRY CLUB""","""CBOOK""",32
Single Family,"""98-6512-0010-0630-00""",0.0,0.0,0.0,2010.0,"""CARVER ROAD SUBDIVISION SECTION II LOT 63 BLK 1 (CAB 1 SLOTS 1600-B,1601-A CCMR)""","""CARVER ROAD SUBD SECTION II""","""A-R""",33
Single Family,"""0115190347""",4.0,3.0,4962.0,1978.0,"""LOT 1 CARDONA RODOLFO SUBD AMENDED LOTS 1-A&1-B RESUB OF LOTS 1&2""","""CARDONA RODOLFO""",NaN,34
Single Family,"""24-022-010""",3.0,1.0,1044.0,1946.0,"""DIST:24 CITY/MUNI/TWP:DERRY TOWNSHIP MAP REF:MAP 24-022""","""HERSHEY ESTATES""",NaN,35
Manufactured,"""00000298816""",0.0,1.0,1032.0,1970.0,"""LOT 4 HARTZOG PREVIOUSLY ASSESSED ON TL 1912 1S 2E""","""HARTZOG""",NaN,36
Single Family,"""1973-01-3-05-006""",3.0,2.0,1693.0,1953.0,"""SUBDIVISIONCD 033900 SUBDIVISIONNAME HOFFMAN TOWN 3RD FLG BLOCK 027 LOT 007@P_DELIMITER LOT 7 BLK 27 HOFFMAN TOWN 3RD FLG""","""HOFFMAN TOWN 3RD FLG""",NaN,37
Single Family,NaN,4.0,3.0,2020.0,0.0,NaN,NaN,NaN,38
Single Family,"""09-336-110""",2.0,2.0,1053.0,1993.0,"""#1 MYERS MEADOWS PHII/SEC""","""MYERS MEADOWS""","""R-20 MONROE""",39
Single Family,"""30-3121-019-0740""",2.0,1.0,912.0,1935.0,"""SEMINOLE LAWN PB 9-171 LOT 22 BLK 4 LOT SIZE 50.000 X 110""","""SEMINOLE LAWN PB""","""0100:SINGLE FAM,GENERAL""",40
Single Family,"""28-37-33-75-02197.0-0006.00""",3.0,2.0,1386.0,1978.0,"""PORT MALABAR UNIT 28 LOT 6 BLK 2197""","""PORT MALABAR UNIT 28""","""RS2""",41
Single Family,"""201-29-4093-000""",4.0,3.5,2239.0,2016.0,"""BRAMBLETON LAND BAY 3 SEC.33 LOT 4250 201312160095433/4P""","""BRAMBLETON LAND BAY 3""","""PDH4""",42
Single Family,"""07.12.4.29-1""",2.0,1.0,832.0,1937.0,"""LOT 28""","""EAST BLUE RDG TERRACES REV MAP""","""C-1""",43
Single Family,"""22093069.""",0.0,2.5,2519.0,1930.0,"""E WESTMORELAND 2500 ROSEDALE PARK NO 3 SUB L41 P15 PLATS, W C R 22/440 60 X 140""","""NO 3 SUB""","""R1""",44
Condo,"""02-042-08320188""",0.0,1.0,1360.0,1979.0,"""UNIT 189 SC 9 1685 RIDGELY CT MEADOWCROFT CONDO""","""MEADOWCROFT CONDO SEC 09""","""R15""",45
Apartment,NaN,0.0,0.0,0.0,0.0,NaN,NaN,NaN,46
Condo,NaN,1.0,1.0,800.0,0.0,NaN,NaN,NaN,47
Single Family,"""065 1129""",5.0,4.0,3305.0,2013.0,"""LOT 4 0.249 AC; SECT 3 OF BEDFORD AT; RIVERWOOD PLANTATION""","""SECT 3 OF BEDFORD AT""","""PUD;PLAN UNIT DEV DIST""",48
Condo,"""03397510""",0.0,2.5,2540.0,2013.0,"""CONDO TOWNHOUSE 103 333 TUFTON CIRCLE FALLSTON COMMONS 20/18""",NaN,"""B2B3""",49
Single Family,"""056-032-044-000""",3.0,1.0,1256.0,1954.0,"""LOT 8 BLK 9713 FAIRVIEW TRACT""","""FAIRVIEW TRACT""",NaN,50
Single Family,"""30  00122-0000-00002""",3.0,2.0,1116.0,1934.0,"""LOT:2 BLK:122 DIST:30 CITY/MUNI/TWP:RUNNEMEDE BORO MAP REF:TAX MAP 8""","""RUNNEMEDE SEC 8""",NaN,51
Condo,NaN,2.0,1.0,1050.0,1977.0,NaN,NaN,NaN,52
Single Family,"""018-270-041-000""",4.0,2.0,1748.0,1994.0,"""LOT 72 SOMERSET CHATEAU SUB UNIT 3 S118-62 8/9/90""","""SOMERSET CHATEAU SUB""",NaN,53
Condo,NaN,2.0,2.0,1000.0,1987.0,NaN,NaN,NaN,54
Single Family,"""51-40-29-13-1990""",5.0,3.0,2637.0,2002.0,"""NORTH 29 ASSOC 171-1 B LOT 11 BLK C""","""NORTH 29 ASSOC 171-1 B""","""RS6""",55
Single Family,"""0250201802""",3.0,1.0,1579.0,1961.0,"""LOT 11 BLK L EUBANK ACRES SEC 3""","""EUBANK ACRES SEC 3""",NaN,56
Single Family,"""16027900003440000""",4.0,3.0,3432.0,2011.0,"""LAKE RIDGE SEC 4 PH 1 LT 344 ACS 0.31 INT201300048272 DD02132013 CO-DC 0279000034400 4CH02790000""","""LAKE RIDGE SEC""","""Z236""",57
Single Family,"""13-01212362""",0.0,2.5,1509.0,1952.0,"""NORTHWOOD VILLAGE""","""NORTHWOOD VILLAGE""","""R60""",58
Single Family,"""0771950050010""",3.0,1.5,1264.0,1951.0,"""LT 10 BLK 5 GALENA MANOR""","""GALENA MANOR""",NaN,59
Single Family,"""30-04-19-3-020-008.000""",0.0,1.0,1104.0,1940.0,"""LOT 2 IN L.J. REECE ESTATE SUBD""","""REECE ESTATE SUBD""","""R-3""",60
Single Family,"""02-07- 10H-0182.0000""",4.0,2.5,1966.0,2014.0,""".21 AC LOT 204 SEC 2 PHASE 2 WEBBER SPRINGS SD""","""WEBBER SPRINGS SD""",NaN,61
Single Family,"""570-0-210-505""",4.0,2.0,1868.0,1976.0,"""TRACT: 206509 LOT: 570 MAPNR: 058MR 088""",NaN,"""RPD2.""",62
Single Family,"""12 306608730053""",4.0,3.5,3212.0,1988.0,"""DIST:57 CITY/MUNI/TWP:CITY OF JOHNS CREEK""","""MACKINAC""","""R4A""",63
Single Family,"""03-4132-028-0290""",4.0,3.5,3480.0,1987.0,"""COCOPLUM SEC 2 PLAT D PB 128-99 LOT 8 BLK 19 LOT SIZE 16926 SQ FT M/L OR 15939-3448 0693 1""","""COCOPLUM SEC 2 PLAT D""","""0100:SINGLE FAM,GENERAL""",64
Single Family,"""LYNN M:099 B:153 L:014""",2.0,1.0,1197.0,1955.0,"""LOT:14 BLK:153 DIST:163 CITY/MUNI/TWP:LYNN""",NaN,"""R1""",65
Single Family,"""110-13-146""",3.0,2.5,1743.0,1994.0,"""TRACT: 2282 LAKE HAVASU CITY BLK 9 LOT 2 14N 19W SEC 32""","""LAKE HAVASU CITY AZ TR 2282""","""R1""",66
Single Family,"""61-020-00-0046""",0.0,3.0,1316.0,1938.0,"""TOWN #1 SCH DIST 028""",NaN,NaN,67
Single Family,"""153-272-002-000""",5.0,3.0,2083.0,1995.0,"""CANTERBURY ESTATES UNIT 2 TRACT NO 1147 LOT 2 BLK 2""","""CANTERBURY ESTATES UNIT 2""",NaN,68
Single Family,"""02-02737140""",0.0,2.5,1328.0,1987.0,"""UN 926 WILLOW COVE TWNHS PH 8""","""WILLOW COVE PH""","""TS""",69
Condo,NaN,2.0,2.0,1272.0,1992.0,NaN,NaN,NaN,70
Single Family,"""401-341-05""",4.0,4.0,4018.0,1991.0,"""LOT 5 TRACT NO 3904 MADISON RIDGE""","""MADISON RIDGE""","""RS4""",71
Single Family,"""7012-028-012""",4.0,2.0,1531.0,1969.0,"""TRACT NO 30598 LOT 71""","""30598""","""CERS5000""",72
Single Family,"""21-25-18-0040-00F00-0020""",3.0,3.0,2350.0,2008.0,"""ASBEL CREEK PHASE FOUR PB 57 PG 136 BLOCK F LOT 2 OR 9355 PG 2209""","""ASBEL CREEK""","""MPUD""",73
Single Family,"""9487-81-4697""",3.0,2.0,1418.0,1999.0,"""LAKE RIM NORTH REV LO70 SE02 PL0100-0025""","""LAKE RIM SHORES""","""SF10""",74
Single Family,"""T035.06-01-023.00""",4.0,2.0,2975.0,2016.0,"""23""","""BELSHIRE""","""R-12""",75
Single Family,"""45-12-05-479-015.000-030""",3.0,1.5,1811.0,1953.0,"""COUNTRY CLUB 2ND ADD SEC.'A' LOT 14 BL.2 EX S.10""","""COUNTRY CLUB 2ND ADD""",NaN,76
Single Family,NaN,2.0,2.0,1963.0,0.0,NaN,NaN,NaN,77
Single Family,"""03-4-1395-00""",4.0,1.0,1538.0,1925.0,"""53'6  N SPRINGFIELD""","""BEECHWOOD COMMONS CONDO""","""RSA5""",78
Single Family,"""24  00102-   3-00003""",0.0,0.0,2360.0,2002.0,"""LOT:3 BLK:102.3 DIST:24 CITY/MUNI/TWP:SPOTSWOOD BORO""","""BROOKVIEW FARMS""",NaN,79
Single Family,"""65-2620020""",5.0,3.0,3420.0,2005.0,"""LOT:2 BLK:1 DIST:1000 CITY/MUNI/TWP:CITY OF VICTORIA SUBD:GREENWAY ON THE PARK SEC/TWN/RNG/MER:SEC 18 TWN 116N RNG 23W""","""GREENWAY ON THE PARK""",NaN,80
Single Family,"""3305E01390000""",3.0,2.5,1760.0,1984.0,"""LOT 383 & DWG""","""RHONDA PH 04 V & 06 FINAL""","""R2""",81
Single Family,"""570-191675""",2.0,1.5,968.0,1987.0,"""VESTRY CT LEHNERT FARM SEC 3 LOT 153""","""LEHNERT FARM SEC 3""",NaN,82
Single Family,"""30-5934-036-0720""",3.0,2.0,1252.0,2002.0,"""CAZADORES SUB PB 157-68 T-20657 LOT 5 BLK 13 LOT SIZE 1984 SQFT FAU 30-5934-001-0190 OR 20374-0023 04 2002 1""","""CAZADORES SUB""","""3700:MULTI-FAM,10-21 U/A""",83
Single Family,"""0100A00120000000""",2.0,1.0,1014.0,1910.0,"""IRREG LOT 247X390X60 HOPE HOLLOW RD IMP-DESC: 2 STY FRA HSE FRA GAR""",NaN,NaN,84
Single Family,"""1391250020006""",4.0,3.0,2955.0,2020.0,"""LT 6 BLK 2 VENTANA LAKES SEC 15""","""VENTANA LAKES SEC 15""",NaN,85
Single Family,"""461-02-03-0069""",3.0,2.0,1559.0,1994.0,"""LAKEWOOD TERR; LT 6 BL 27""","""LAKEWOOD TERR""","""R-1""",86
Single Family,"""32 07 40 0 003 016.004""",2.0,2.0,1184.0,1987.0,"""LOT 23 BEING A RESUBD OF LOTS 20 & 21 BLK F OF RIVERSIDE SUBD MBK 3 PG 296 #SEC 40 T5S R1W #MP32 07 40 0 003""","""RIVERSIDE SUBD""",NaN,87
Single Family,"""005311-01-129""",5.0,3.5,4153.0,2013.0,"""VINTNERS WOOD PH 3 LOT 86""",NaN,"""RD""",88
Single Family,"""15 223 05 005""",3.0,2.0,1176.0,1980.0,"""CITY/MUNI/TWP:UNINCORPORATED""","""CARRIAGE CLUSTER""","""R100""",89
Single Family,"""17-45-23-C2-05001.0090""",3.0,3.0,2489.0,2004.0,"""CAPE CORAL UNIT 72 BLK 5001 PB 23 PG 26 LOT 9 + 10""","""CC UTS 69&72 BTW CC PKWY & ETERNITY CANL""","""R1-W""",90
Single Family,"""G28M042""",0.0,0.0,1647.0,2020.0,"""LOT 42 VILLAGES OF SOUTHERN OAKS MARJA VILLAS PB 18 PGS 3-3O""",NaN,NaN,91
Single Family,"""2683-004-012""",3.0,2.0,1773.0,1953.0,"""TRACT # 17710 LOT 467""","""17710""","""LARS""",92
Single Family,"""32  00622-0000-00035""",4.0,3.0,2418.0,1955.0,"""LOT:35 BLK:622 DIST:32 CITY/MUNI/TWP:MIDDLETOWN TWP MAP REF:TAX MAP 82""","""TOWNSHIP/MIDDLETOWN""","""R-22""",93
Single Family,"""63-314-00-0004""",0.0,2.5,2389.0,1970.0,"""TOWN #1 SCH DIST 007""","""OAKWOOD/EAST BAY SEC #1""",NaN,94
Land,"""1460001006""",0.0,0.0,0.0,0.0,"""9.63 AC MAPPLATB B244 MAPPLATP 8 MAPPLATB A389 MAPPLATP 5""",NaN,NaN,95
Single Family,"""09-18-402-019""",3.0,2.0,1824.0,1974.0,"""HILLCREST ESTATES 69X121X.9(D); 36X121X.9(D)X.3(A)""","""HILLCREST ESTATES""","""A""",96
Single Family,"""01-29-15-14348-000-0270""",3.0,2.0,1255.0,1978.0,"""CEDAR GROVE UNIT II LOT 27""","""CEDAR GROVES UNIT II""",NaN,97
Single Family,"""28  01302-0000-00015""",3.0,1.0,1610.0,1969.0,"""LOT:15 BLK:1302 DIST:28 CITY/MUNI/TWP:MANALAPAN TWP MAP REF:TAX MAP 6""","""MANALAPAN TOWNSHIP""",NaN,98
Single Family,"""25-416900""",4.0,1.0,1764.0,1900.0,"""319 66F FEDERAL ST""","""CITY/NILES""",NaN,99
Single Family,"""U1028180Z4000023000050""",4.0,2.0,2121.0,1971.0,"""CARROLLWOOD SUBDIVISION UNIT NO 27 LOT 5 BLOCK 23""","""CARROLLWOOD SUBDIVISION UNIT NO 27""","""RSC-6""",100
Single Family,"""37-00-03850-38-1""",3.0,3.0,2839.0,2021.0,"""LOT:68 DIST:37 CITY/MUNI/TWP:LIMERICK TOWNSHIP SUBD:OVERLOOK AT CREEKSIDE""","""OVERLOOK AT CREEKSIDE""","""R2""",101
Single Family,"""01010A00330000""",1.0,2.0,1722.0,1900.0,"""50X141 SS PFLANZ BET 33RD&35TH STS""","""SS PFLANZ BET 33RD&35TH STS""","""R5A-RESIDENTIAL MULTI-FAM""",102
Single Family,"""15G-4-3-152-4""",2.0,1.0,884.0,1950.0,"""KENWOOD HOMESITES & LOT PT 3""","""KENWOOD HOMESITES""","""40RSING""",103
Single Family,"""04-04-36-324-011""",3.0,1.5,1040.0,1964.0,"""SEC 36 T25N R5W PARKWAY MANOR LOT 20 SW 14""","""PARKWAY MANOR""",NaN,104
Single Family,"""SLEM M:73  B:10450  L:""",4.0,4.5,4522.0,1988.0,"""BLK:10450 CITY/MUNI/TWP:SALEM""",NaN,"""RES""",105
Condo,"""22  00164-0000-00033-0000-C0010""",0.0,0.0,1098.0,1992.0,"""LOT:33 BLK:164 DIST:22 CITY/MUNI/TWP:WEST ORANGE TWP MAP REF:TAX MAP 97""","""SCENIC HILL BLDG 23""","""PURD""",106
Single Family,"""16-01517""",4.0,1.0,1742.0,1912.0,"""WALBRIDGES 2ND ADDN LOTS 171 & 172""","""WALBRIDGES 2ND ADDN""","""10-RD6""",107
Condo,"""126-172-04""",1.0,2.0,1064.0,1984.0,"""MOUNTAIN SHADOWS INCLINE 9 AMD LT 301""","""MOUNTAIN SHADOWS INCLINE 9 AMD""","""TA_MS""",108
Land,"""7-1610-07000""",2.0,1.0,784.0,1910.0,"""PO LOTS 24 & 25 R K CARSON PROP""","""R K CARSON""",NaN,109
Condo,"""436-603-13-43""",2.0,2.0,1100.0,1981.0,"""TR 9451 LOT 1*US 43PER DOC81-110974&UND INT IN""","""SANTA FE VISTAS UNIT #1""","""R-1:SINGLE FAM-RES""",110
Single Family,"""1146900040032""",3.0,2.0,1387.0,1983.0,"""LT 32 BLK 4 WOODFOREST NORTH""","""WOODFOREST NORTH""",NaN,111
Single Family,NaN,2.0,2.0,1025.0,0.0,NaN,NaN,NaN,112
Single Family,"""4-00-037.03-02-45.00-000""",4.0,2.5,1860.0,2004.0,"""LAKESHORE VILLAGE, LOT #353 43 BERWICK LANE""","""LAKESHORE VILLAGE""","""AC""",113
Multi-Family,"""110200 96.33-01-06.000""",4.0,2.0,1788.0,1894.0,"""LOT:6.000 BLK:1 SEC:96.33 DIST:110200 CITY/MUNI/TWP:CORTLAND""",NaN,"""02 - SINGLE RESIDENCE""",114
Single Family,"""686-231-003""",2.0,4.0,1887.0,1956.0,"""POR LOT 91 AM 002/011 ASSESSORS MAP 52""","""AM 52""","""R1""",115
Single Family,"""0746.02-55-9280 0349083""",0.0,2.0,1984.0,2014.0,"""LO35 PROVIDENCE PLACE BM2014-01222""","""PROVIDENCE PLACE""","""MDR""",116
Single Family,"""14F0128  LL0201""",5.0,3.0,2672.0,2013.0,"""KA SUMMIT@STONEWALL TELL PH4A N.C PU 514 EST BACK LOCK GATE""","""STONEWALL TELL""","""CUP""",117
Single Family,"""20142""",4.0,2.0,1800.0,1999.0,"""LOTS 11 12 13 & 14 BLOCK 1 BROAD STREET. (NOW NEW ORLEANS BOULEVARD.) DUPONT TERRACE.""","""NEW ORLEANS BLVD""",NaN,118
Single Family,"""33-12-21-400-454.000-016""",3.0,2.0,1677.0,1941.0,"""BROWNWOOD ADD PT LOT 11 EX APPROX E 35'""","""BROWNWOOD ADD""",NaN,119
Single Family,"""20-15- 29C-0023.0003""",3.0,1.0,1324.0,1978.0,"""1/2A M/L JARRETT FARM POTATO CREEK""","""JARRETT FARM POTATO CREEK""",NaN,120
Single Family,"""-3- 009 007 00007""",0.0,0.0,1470.0,1941.0,"""LOTS 7 & 8, SQ. 7, DESTREHAN SUBD.""","""DESTREHAN SUBD-RED CHURCH PROP""",NaN,121
Single Family,"""88-12-27-307-023""",4.0,3.0,2170.0,1968.0,"""EASTWOOD HILLS ADD LOT 3 BLK O""","""EASTWOOD HILLS""","""INC""",122
Single Family,"""1092860000023""",4.0,2.5,2427.0,1978.0,"""LT 23 BLK 26 OAKBROOK WEST SEC 4""","""OAKBROOK WEST""",NaN,123
Single Family,NaN,5.0,3.0,3220.0,1986.0,NaN,NaN,NaN,124
Single Family,"""206402608""",2.0,1.0,1521.0,1958.0,"""SQ 225 LOT X HARRISON 55X100""",NaN,NaN,125
Single Family,"""10-00879722""",0.0,2.0,1722.0,1956.0,"""LAKE NORMANDY EST""","""LAKE NORMANDY""","""R200""",126
Single Family,"""R024321""",3.0,2.0,1453.0,1979.0,"""SOUTHVIEW TERRACE I BLOCK 2 LOT 7""","""SOUTHVIEW TERRACE I""",NaN,127
Single Family,"""01-3010-0060-0150-00""",5.0,2.0,2182.0,1983.0,"""ALAMO HEIGHTS SUBDIVISION LOT 15 BLK 6""","""ALAMO HEIGHTS SUBDIVISION""",NaN,128
Single Family,NaN,6.0,2.0,2352.0,0.0,NaN,NaN,NaN,129
Single Family,"""RPL10380010140""",3.0,1.0,1740.0,2019.0,"""NORTHEAST CROSSING ADDN PH IIB 14 1""","""NE CROSSING ADDN - PH IIB""","""PUD""",130
Single Family,"""7855903140""",3.0,1.0,1336.0,1981.0,"""SECTION 23 TOWNSHIP 19 RANGE 04 QUARTER 33 SPRINGFIELD L 314 EASE OF RECORD SEG P-6055 HB EMS""","""SPRINGFIELD""","""MSF""",131
Single Family,"""HEBR M:0065 L:230+231""",2.0,1.0,864.0,1955.0,"""LOT:230+231 CITY/MUNI/TWP:HEBRON""",NaN,"""AL-2""",132
Single Family,"""24-25-19-0010-00100-0230""",4.0,3.0,3273.0,2002.0,"""HOMESTEADS OF SADDLEWOOD PHASE II PB 33 PGS 134-143 LOT 23 BLOCK 1""","""HOMESTEADS OF SADDLEWOOD""","""ER""",133
Single Family,"""32-120-21-44-0162""",3.0,1.5,972.0,1993.0,"""010 004 WEIDEMA ESTATES 2ND ADDN N93X110""","""WEIDEMA ESTATES 2ND ADDN""",NaN,134
Single Family,"""010-094843""",2.0,2.0,880.0,1949.0,"""DOMINION BLVD 584 51FT ES DOMINION HTS LOT 23""","""DOMINION HEIGHTS""",NaN,135
Multi-Family,"""07-118-21-44-0088""",6.0,3.0,2240.0,1980.0,"""001 003 WRIGHTS 1ST ADDN E206X83X194X82.5""","""WRIGHTS 1ST ADDN""",NaN,136
Single Family,"""13-23-230-560""",5.0,3.5,1611.0,2006.0,"""NORTHVIEW HEIGHTS LOT:33 HUXLEY""","""NORTHVIEW HEIGHTS""",NaN,137
Single Family,"""00373400300410""",3.0,2.0,2564.0,1941.0,"""ALDERWOOD MANOR 08 BK 003 D-10 LOT 1 OF CITY OF LYNN SP #SP-96-STP-0006 REC AF NO 9703110354 & COR AF NO 9801290668 TGW AN UN""","""ALDERWOOD MANOR 08""","""47""",138
Multi-Family,NaN,6.0,2.0,1800.0,2008.0,NaN,NaN,NaN,139
Single Family,NaN,3.0,2.0,1344.0,1991.0,NaN,NaN,NaN,140
Condo,"""0232260080820""",0.0,0.0,231.0,1937.0,"""ALL SEASONS HOTEL CONDOUNIT 217UNDIV 1/106%INT IN COMMON ELEMENTSOFF REC 10659-134OR 18866-4341 1199 1""","""ALL SEASONS HOTEL CONDO""","""4100""",141
Single Family,"""083-0-122-155""",4.0,2.0,1612.0,1960.0,"""TRACT: 106900 LOT: 17 MAPNR: 027MR 001""",NaN,"""R1-6""",142
Single Family,"""45-12-04-228-015.000-031""",3.0,1.0,1269.0,1957.0,"""MEADOWLAND ESTATES UNIT NO.2 W. 40 FT. L.13 BL.H E. 40 FT. L.14 BL.H""","""MEADOWLAND ESTATES""",NaN,143
Manufactured,"""501-13-028B""",0.0,0.0,1457.0,2000.0,"""LUKE FIELD HOMES""","""LUKE FIELD HOMES 159-198, 225-244""","""R-6""",144
Single Family,"""2114-001-003""",3.0,2.0,1306.0,1956.0,"""TRACT # 21300 LOT 20""","""21300""","""LARS""",145
Single Family,"""R-0387-008-0090-1""",0.0,0.0,1797.0,1978.0,"""POST OAK ESTATES (CPL), BLK H, LOT 9""","""POST OAK ESTATES (CPL)""","""SFR""",146
Single Family,"""104KM030""",4.0,3.5,2206.0,2004.0,"""SUBDIVISIONNAME SHERMAN OAKS UNIT 1 MAPPLATB 20031210 M APPLATP 0060910 DIMENSIONS 59.87 X 115.32 X IRR""","""SHERMAN OAKS UNIT 1""",NaN,147
Condo,"""000000252173""",2.0,2.0,1586.0,1956.0,"""LA MER CONDOMINIUM APT 402 & 5.5 PERCENT INT IN GEN COMMON ELEM BLDG 1""","""LA MER CONDO""",NaN,148
Single Family,"""02001C00190000""",1.0,1.0,1688.0,1880.0,"""30 X 200 2315 MAGAZINE""",NaN,"""R6-RESIDENTIAL MULTI-FAMI""",149
Condo,"""5503-016-079""",2.0,2.0,1084.0,1985.0,"""TR=31959 LOT 1 CONDOMINIUM*UNIT 316""","""MANHATTAN PLACE""","""LAR4""",150
Single Family,"""53-154-0-122.00-0""",3.0,1.5,1396.0,1956.0,"""LOT 58258 87 X 135 IRR ORAN DR""","""GARDEN ESTATES 05""",NaN,151
Single Family,"""U1832205SA000000000040""",2.0,2.0,1497.0,2002.0,"""SUN CITY CENTER UNIT 262 PHASE 1 LOT 4""","""SUN CITY CENTER UNIT 262 PHASE 1""","""PD-MU""",152
Apartment,NaN,2.0,2.0,1245.0,0.0,NaN,NaN,NaN,153
Single Family,"""40-Q - 2-  - 60""",4.0,2.5,2756.0,2005.0,"""COUNTRY CLUB ESTATES PHASE 2 LOT 60""","""COUNTRY CLUB ESTATE""","""R1""",154
Single Family,"""405-491-07S""",4.0,3.0,3110.0,1996.0,"""SUR RT LOT 39 TRACT NO 4631""","""4631""","""RS4""",155
Single Family,"""39-000-09-0102.00-00000""",3.0,3.5,2311.0,1991.0,"""DIST:39 CITY/MUNI/TWP:NEWBERRY TOWNSHIP SUBD:FINAL SUBDIVISION PLAN OF RAMBLEWOOD""","""FINAL SUBDIVISION PLAN OF RAMBLEWOOD""","""RS""",156
Multi-Family,"""MEDF M:O-05 B:0086""",4.0,2.0,2256.0,1910.0,"""BLK:86 DIST:176 CITY/MUNI/TWP:MEDFORD""",NaN,NaN,157
Single Family,"""9211-06-05000""",4.0,3.0,2504.0,2016.0,"""S921106 - TAVOLA 06, BLOCK 2, LOT 15""","""TAVOLA 06""",NaN,158
Single Family,NaN,3.0,2.5,2250.0,2022.0,NaN,NaN,NaN,159
Single Family,"""12-21-28-9101-00-680""",3.0,2.0,2077.0,2002.0,"""WEKIVA CLUB PH 2 48/88 LOT 68""","""WEKIVA CLUB PH 2""","""R-1""",160
Apartment,NaN,2.0,2.0,1250.0,0.0,NaN,NaN,NaN,161
Single Family,"""285-284-34""",4.0,3.0,2291.0,1998.0,"""N TR 15247 BLK LOT 34""",NaN,NaN,162
Single Family,"""108439-1200""",4.0,2.0,2046.0,2019.0,"""72-37 02-1S-27E ALTA LAKES PHASE ONE LOT 476""","""ALTA LAKES PHASE ONE""","""PUD""",163
Single Family,"""319-413-01-033-000""",5.0,7.0,5449.0,1999.0,"""LOT 1910 SHERBORNE MEWS NO 2 PT 2""","""SHERBORNE MEWS SUB #2 PT 1&2""",NaN,164
Single Family,"""078-40-11-013""",0.0,0.0,0.0,0.0,"""18-38C-11 TERRE VERTE EST L11A""",NaN,NaN,165
Single Family,"""02-961-90096643""",4.0,3.0,1872.0,1997.0,"""U 25 BLD 4 PH 15 662 HOWARD'S LOOP WINDGATE TH CONDO""","""WINDGATE CONDO 01""","""R5""",166
Single Family,"""04-349393""",4.0,4.5,3718.0,1995.0,"""LOT 16 3.8250 A 2801 HUNT VALLEY DR WELLINGTON SEC 1 AREA 1""","""WELLINGTON SEC 01""","""RCDEO""",167
Single Family,"""139-13-216-020""",4.0,2.0,1242.0,1962.0,"""MOUNTAIN SHADOWS SUB UNIT #3 PLAT BOOK 6 PAGE 69 LOT 84 BLOCK 4""","""MOUNTAIN SHADOWS SUB UNIT #3""",NaN,168
Single Family,"""18-052-016.0-115.00""",3.0,2.0,1649.0,1956.0,"""4004 DEXTER AVE 64 X 135""","""ARBUCKLE HEIGHTS""","""R1""",169
Manufactured,"""33-117-469.0-005.00""",0.0,0.0,924.0,1976.0,"""5150 EVANS RD 465 X 203.12 IRR""","""HAPPY VLY SUB TR 343""","""AR""",170
Single Family,"""73-41-44-04-01-068-0370""",4.0,2.5,2452.0,1995.0,"""SUGAR POND MANOR OF WELLINGTONLT 37 BLK 68""","""SUGAR POND MANOR OF""","""PUD""",171
Single Family,"""15N18R 115""",4.0,3.0,2808.0,2017.0,"""LOT 115 OAKHURST PH 3 U 3A""","""OAKHURST #3A PH 3""","""R-3C""",172
Single Family,"""04-884-4550""",2.0,1.0,1054.0,1924.0,"""ROSS MANN ADDITION 004 000 LOTS 37 & 38""","""ROSS MANN ADDITION""",NaN,173
Single Family,"""02-04-25-008814-253-20""",4.0,3.0,2605.0,1994.0,"""LOT 320 COUNTRY CLUB OF O.P. UNIT 2 AS REC O R 2673 PG 829""","""COUNTRY CLUB""","""PUD""",174
Condo,"""12-830-23-10-00-0-03-005""",0.0,1.0,855.0,1975.0,"""EBENEZER LOFTS---UNIT-308""","""EBENEZER LOFTS CONDOMINIUM""",NaN,175
Manufactured,NaN,3.0,2.0,1568.0,2018.0,NaN,NaN,NaN,176
Single Family,"""33-43-23-C4-03905.0030""",3.0,2.0,1530.0,1992.0,"""CAPE CORAL UNIT 53 BLK 3905 PB 19 PG 66 LOTS 3 + 4""","""CAPE CORAL UNIT 53""","""R1-D""",177
Single Family,"""20001401290""",4.0,3.0,2830.0,2012.0,"""DIST:9 CITY/MUNI/TWP:UNINCORPORATED SUBD:ARBOR WALK""","""ARBOR WALK""",NaN,178
Manufactured,"""17162""",3.0,1.0,660.0,1983.0,"""HAYES STORE2""","""PLAT: PDB145 401""","""SF-1""",179
Condo,"""070-2-17-35-0106""",1.0,1.0,656.0,1961.0,"""HERITAGE WOODS NORTH CONDO UNIT 106 PHASE 2""","""HERITAGE WOODS""","""R-20(RESIDENTIAL 20 DU/AC""",180
Single Family,"""0813400000007""",3.0,2.0,1855.0,1966.0,"""LT 5 & E 30 FT OF LT 4 BLK 2 LONE OAK""","""LONE OAK""",NaN,181
Single Family,NaN,3.0,3.0,2612.0,2017.0,NaN,NaN,NaN,182
Single Family,"""14-19-25-1900-000-02300""",3.0,2.0,1570.0,2006.0,"""SECRET HILL SUB LOT 23 PB 39 PGS 37-38 ORB 5872 PG 956""","""SECRET HILL""",NaN,183
Single Family,"""04-10-03-404-021""",2.0,1.0,1112.0,1920.0,"""SEC 3 T24N R5W LINCOLN PARK ADDITION LOT 99 EXC N2FT SE 14""","""LINCOLN PARK ADDITION""",NaN,184
Single Family,"""016-172-63-000""",4.0,2.5,2233.0,1988.0,"""BROOKWOOD HILLS BLK 1 LT 24""","""BROOKWOOD HILLS""","""R1SL SINGLE FAMILY""",185
Single Family,"""548447177629-1""",5.0,2.5,2592.0,1977.0,"""LOTS: 007""","""MILLBROOK FARMS""","""S""",186
Manufactured,"""222-43-0270""",0.0,0.0,450.0,1985.0,"""N165.86' OF W2 NW4 SW4 SE4 EXC W30' & EXC N25' THEREOF .97 AC SEC 16-11-14""",NaN,NaN,187
Single Family,"""49-281-01-082""",2.0,3.0,1224.0,1983.0,"""SECTION 28 TOWNSHIP 04 RANGE 69 SUBDIVISIONCD 387400 SUBDIVISIONNAME JEWELL RIDGE CONDOS PH I BLOCK 014 LOT 000B TRACT""","""JEWELL RIDGE CONDOS PH I""",NaN,188
Single Family,"""00000495478000000""",3.0,2.0,1859.0,1962.0,"""HIDEAWAY VALLEY BLK C/6040 LT 15 6040 00C 015 2006040 00C""","""HIDEAWAY VALLEY""","""Z294""",189
Condo,"""49-41-34-BK-0100""",3.0,2.0,1203.0,1979.0,"""OMEGA CONDO NO.9 UNIT 110 PER CDO BK/PG: 8148/842""","""OMEGA 9 CONDO""","""RM-17.3U""",190
Condo,"""00C43720000001005""",2.0,2.0,1170.0,1983.0,"""LONDON PARK CONDOMINIUMS BLK A/8220 PT LT 2 ACS 9.414 BLDG A UNIT 1005 CE .5544% INT200600160168 DD04272006 CO-DC 8220 00A""","""LONDON PARK CONDOMINIUMS""","""Z163""",191
Single Family,"""91N25 072""",5.0,3.0,3365.0,1955.0,"""LL 203 DIST 14""","""CRESTVIEW""","""R-40""",192
Single Family,"""118000-1965""",3.0,1.5,1430.0,1908.0,"""BRYN MAWR ADD""","""BRYN MAWR ADD""","""R6""",193
Single Family,"""043-1020-043-00""",3.0,2.0,1485.0,2002.0,"""LOT 58 UNIT 3 PLAT 1438B""","""COLBY TERRACE""","""PLANNED DEVELOPMENT""",194
Single Family,"""546579309879-1""",4.0,2.5,2181.0,1996.0,"""LOTS: 017""","""OLDE TOWNE""","""R2""",195
Single Family,"""272531498800010150""",3.0,2.0,1663.0,2020.0,"""SUNBROOKE PH 1 PB 28 PGS 86-91 LOT 15""","""SUNBROOKE PHS 1""",NaN,196
Single Family,"""090-21159-0-0000""",3.0,1.5,1308.0,1992.0,"""DIST:090 CITY/MUNI/TWP:WEST COCALICO TWP""","""CHAPEL GATE""","""VR""",197
Single Family,"""07-06-13-0-001-001.124""",0.0,2.5,4132.0,2018.0,"""LOT 110 COLONIAL POINTE PHASE 3 PB # 2017-582870""","""COLONIAL POINTE PHASE 3""",NaN,198
Single Family,"""16036600280""",4.0,3.0,2279.0,1985.0,"""ALL THAT TRACT OR PARCEL OF LAND LYING AND BEING IN THE 16TH DISTRICT, 2ND SECTION, COBB COUNTY, GEORGIA, LYING WITHIN LAND""","""CHASTAIN LAKES""",NaN,199
Single Family,"""8561-007-020""",4.0,2.0,1115.0,1954.0,"""TRACT # 18121 LOT 124""","""18121""","""LCA106""",200
Single Family,"""178567""",3.0,2.5,1970.0,1968.0,"""OLD FARM/SEC:03/BLK:C/LT# 04 PL000059-000065""","""OLD FRM #03""","""RS-10""",201
Single Family,"""07749-026-0160""",2.0,1.0,640.0,1940.0,"""NCB 7749 BLK 26N LOT E 3FT OF 12 & W 38.67FT OF 13""","""CONV A/S CODE""",NaN,202
Single Family,NaN,1.0,1.0,809.0,0.0,NaN,NaN,NaN,203
Condo,"""108-090-004""",3.0,2.0,1192.0,1995.0,"""UNIT 98 CM 096/164 INT IN COMMON LOT 8 TR 26806R MB 254/081""","""PHASE 9 OF CALIFORNIA HEIGHTS""",NaN,204
Single Family,"""0335002001950""",6.0,3.0,3644.0,2006.0,"""195 OLDE MILL RUN PH 2""","""MILLERS RUN, OLDE MILL RUN""","""R15S: RESIDENTIAL""",205
Single Family,"""07-2-09414-000""",0.0,0.0,0.0,0.0,"""NOYES ADDITION BLK 26, W1/3 LOTS 10, 11 & 12 NE 1/4 NE 1/4 SEC 14 T12N R07E""","""NOYES ADDITION""",NaN,206
Single Family,"""05-00-54-000-593-00""",3.0,1.0,1549.0,0.0,"""KEENANS EAST ADD OUTLOTS S 130' W 120' E 230' OUTLOT 2 52 8 28""","""KEENANS EAST ADD""",NaN,207
Single Family,"""17-03-21-34-06502-000""",2.0,1.0,806.0,1953.0,"""SEC/TWN/RNG/MER:SEC 21 TWN 17 RNG 03""",NaN,"""R1-LOW-DENSITY RES""",208
Single Family,"""14583-015-0260""",4.0,2.0,2184.0,1972.0,"""NCB 14583 BLK 15 LOT 26""","""CONV A/S CODE""",NaN,209
Single Family,"""18-052-059.0-127.00""",3.0,1.0,1120.0,1968.0,"""4423 KOEHLER RD 66 X 189.03""",NaN,"""R1""",210
Single Family,"""186-03-0A-116-00""",3.0,3.5,2094.0,2020.0,"""LOT 116 BURKITT COMMONS PH 2""","""BURKITT COMMONS PH 2""","""SP""",211
Single Family,"""099-31-0-10-16-006.00-0""",3.0,1.5,2062.0,1907.0,"""ORIG PLAT, S31, T32, R16, W 4' LT 11; LTS 12 & 13 BLK 50; LOT WIDTH: 051.0 LOT DEPTH: 140.0""","""ORIG PLAT""",NaN,212
Single Family,"""04002601.""",3.0,1.5,1947.0,1910.0,"""S EDISON 474 VOIGT PARK SUB L22 P94 PLATS, W C R 4/90 40 X 133.50""","""VOIGT PARK SUB""","""R1""",213
Single Family,"""B87-07 -2 -054.""",0.0,1.0,936.0,1950.0,"""LOT 5 11/91 ROBERTSON HEIGHTS BLK C 0135""","""ROBERTSON HEIGHTS""",NaN,214
Single Family,"""R173165""",3.0,2.0,1914.0,2021.0,"""PLUM CREEK PHASE 2 SEC 1, BLOCK E, LOT 27 TAX CODES:RSP,SHA,ACCD,EHA,TKY2,PPCN""","""PLUM CREEK PHASE 2 SEC 1""",NaN,215
Single Family,"""1394001300500""",0.0,0.0,1695.0,1940.0,"""BLK 13 LT 5,6,PT 7-10 WEIMAR HOUSE & BLDG""","""WEIMAR""",NaN,216
Manufactured,"""008    09900T161""",0.0,0.0,840.0,2006.0,"""LITTLE RIVER MH PARK""","""LITTLE RIVER MH PARK""","""B""",217
Condo,NaN,1.0,1.0,720.0,1974.0,NaN,NaN,NaN,218
Single Family,"""5390000100""",2.0,1.0,573.0,1942.0,"""SECTION 06 TOWNSHIP 20 RANGE 03 QUARTER 14 LYONS LYONS L 20 & 21 B 2""","""LYONS""","""R2-SRD""",219
Condo,"""10412757""",0.0,5.0,3584.0,2007.0,"""U-LUS-BS10 REVISED 67TH ST SUNSET ISLAND LD CM REVI""","""SUNSET ISLAND LAND CM""","""BMUD""",220
Single Family,"""0531.09-01-086.00""",3.0,2.5,2302.0,1996.0,"""MAP 0531.09; 3077 SH3PH1""","""ORCHARD FARMS""","""PD""",221
Single Family,"""14 0206  LL1127""",3.0,2.5,1507.0,2003.0,"""KA COLLIER POINTS PHASE 2 B-3 GRD & CDU ADJ FOR 2010""","""COLLIER""","""R4""",222
Single Family,"""9722-25-04900""",0.0,3.5,3430.0,1991.0,"""WDLNDS VIL COCHRANS CR 25, BLOCK 2, LOT 32""","""WDLNDS VIL COCHRANS CR 25""","""6""",223
Single Family,"""49-42-32-33-0570""",3.0,1.0,1180.0,1966.0,"""DILLARD PARK ESTATES 1ST ADD 58-43 B LOT 8 BLK 5""","""DILLARD PARK ESTATES 1ST ADD""","""RS-8""",224
Single Family,"""001-05867-002""",0.0,2.0,1574.0,1997.0,"""PT SWNE 2016-024797""",NaN,NaN,225
Single Family,"""26-707-1650""",3.0,2.5,1999.0,1987.0,"""WOODBRIDGE ESTATES 005 001""","""WOODBRIDGE ESTATES""",NaN,226
Single Family,"""03-418-31475012""",3.0,1.0,988.0,1948.0,"""LT 3 BK 32 SC 4 917 DORKING RD HARUNDALE""","""HARUNDALE SEC 04""","""R5""",227
Condo,"""29-09-15-101-092.000-015""",3.0,2.5,1875.0,2008.0,"""ACREAGE .07, SECTION 15, TOWNSHIP 18, RANGE 3, CENTENNIAL TOWNHOME, REPLAT INFORMATION: BLOCK A, SECTION 9, LOT 2, PARCEL: 48""","""CENTENNIAL SECTION 9 REPLAT OF BLOCK A""",NaN,228
Multi-Family,"""11-029-24-23-0035""",4.0,2.0,2122.0,1900.0,"""006 007 B S WRIGHTS ADDN TO MPLS 44 X 157.72""","""B S WRIGHTS ADDN TO MPLS""","""R2B""",229
Single Family,"""077-273-011""",3.0,2.0,1236.0,1960.0,"""CY AG RHO COR DE P PTN LT 114""","""RANCHOS CORRAL DE P""","""SF""",230
Single Family,"""07839508""",3.0,3.0,1784.0,1958.0,"""L4 BH M6-230""","""MCCROREY HEIGHTS REV""","""R-5""",231
Apartment,NaN,1.0,1.0,0.0,0.0,NaN,NaN,NaN,232
Single Family,NaN,3.0,2.0,2004.0,1991.0,NaN,NaN,NaN,233
Single Family,"""003-18B-20-072""",3.0,1.0,988.0,1956.0,"""LOT 37 WH GRAFTON PARK ESTATES .000A""","""WH GRAFTON PARK ESTATES""",NaN,234
Manufactured,NaN,3.0,2.0,1336.0,2001.0,NaN,NaN,NaN,235
Land,"""06873-001-000""",0.0,0.0,0.0,0.0,"""CALLAWAY PLAT 132B1 LOT 25 BLK 38 & 5' OF ABOND. ALLEY""","""CALLAWAY PLAT""",NaN,236
Single Family,"""808-702-3097""",3.0,2.0,1592.0,1996.0,"""0192090000A 0039; DARBYTOWN MEADOWS SC A BL A LT 39 28 A1 11""","""DARBYTOWN MEADOWS""","""R-3C""",237
Apartment,"""55180000400047952120000000""",0.0,0.0,904.0,2000.0,NaN,"""WESTCHESTER TERRACE""","""MG""",238
Single Family,"""083073349200100500""",3.0,2.0,1723.0,1930.0,"""RAGSDALE SUR BLOCK 126 60'N&S X 135'E&W BEG 180'S NWC""","""RAGSDALE SUR""",NaN,239
Single Family,"""5852-01-004-0280-910""",3.0,2.0,2488.0,1995.0,"""THE PROMENADE AT STAFFORD RUN SEC 1, BLOCK 4, LOT 28""","""THE PROMENADE AT STAFFORD RUN SEC 1""",NaN,240
Single Family,"""0220061702""",0.0,2.0,1940.0,2006.0,"""UNT A 43RD AT AVENUE H CONDOMINIUMS AMENDED PLUS 25.0 % INT IN COM AREA""","""43RD AT AVENUE H CONDOMINIUMS AMENDED""",NaN,241
Single Family,"""53-194-0-249.00-0""",3.0,1.0,1044.0,1954.0,"""LOT 40316 59 X 150 CHATANOOGA""","""BROWNLEE WOODS 03""",NaN,242
Condo,NaN,2.0,2.0,1063.0,1991.0,NaN,NaN,NaN,243
Single Family,"""282531503100010350""",0.0,0.0,0.0,0.0,"""SUMMERLY PB 29 PGS 125-130 LOT 35""","""SUMMERLY""",NaN,244
Single Family,"""STRA M:20-11 B:6 L:44""",3.0,1.0,1267.0,1955.0,"""LOT:44 BLK:6 CITY/MUNI/TWP:STRATFORD""",NaN,"""RS-4""",245
Single Family,"""1062-481-08-0000""",4.0,2.5,2161.0,1979.0,"""TRACT 9350 LOT 7""","""9350""",NaN,246
Single Family,"""56-0163-2506-00""",4.0,3.0,3461.0,2021.0,"""VINTAGE OAKS AT THE VINEYARD 27, LOT 55""","""VINTAGE OAKS AT THE VINEYARD 27""",NaN,247
Apartment,NaN,2.0,2.0,1196.0,0.0,NaN,NaN,NaN,248
Apartment,"""15102350440000""",6.0,3.0,2692.0,2005.0,"""SOUTH2 BLK2 & E2 S2 BLK19 E693 FT S EC10 NE4 S10 T39N R12E 3P""","""SMITHS ADD MAYWOOD""",NaN,249
Single Family,NaN,3.0,2.0,1417.0,1976.0,NaN,NaN,NaN,250
Single Family,"""305-05-3830""",0.0,2.0,1561.0,2005.0,"""RANCHO DEL LAGO LOT 747""","""RANCHO DEL LAGO""",NaN,251
Single Family,"""8061-003-015""",3.0,2.0,1176.0,1956.0,"""TRACT # 15930 LOT 391""","""15930""","""LMR1*""",252
Single Family,"""Q28 0099P""",0.0,1.0,1275.0,1990.0,"""525-099""","""NORTH RIDGE SUBDIVISION""",NaN,253
Single Family,"""R109037""",3.0,2.5,1896.0,2006.0,"""WATERLEAF PHASE B SEC 1, BLOCK J, LOT 20 TAX CODES:PCC,RSP,SHA,WPC,ACCD,EHA""","""WATERLEAF PHASE B SEC 1""",NaN,254
Single Family,"""20-27-308-034""",4.0,3.0,1104.0,1958.0,"""(PITNERS) SUB OF PT SW SEC 27-38-14""","""PITNERS SUB""",NaN,255
Single Family,"""21  00035-  25-00004""",3.0,1.5,1848.0,1968.0,"""LOT:4 BLK:35.25 DIST:21 CITY/MUNI/TWP:HOWELL TWP MAP REF:TAX MAP 4.19""","""SALEM HILL LAND OPINES SEC 06A""","""R-3A""",256
Single Family,"""02-0202652390""",3.0,3.0,1280.0,1965.0,"""3703 FIELDSTONE RD FIELDBROOK""","""FIELDBROOK""",NaN,257
Condo,"""936-621-57""",3.0,2.5,1943.0,1983.0,"""TR 3884 LOT 12 UNIT 307 OF PROJECT LOCATED ON AP 682-031-30 TOGETHER WITH A N UND 2.513% INT IN LOT 12""",NaN,NaN,258
Single Family,"""18-14-430-009""",4.0,4.0,4079.0,2006.0,"""DOC 2006R0043989 LT 23 CHESWICK PLACE""","""CHESWICK PLACE""",NaN,259
Single Family,"""33-5027-055-0040""",4.0,3.0,3422.0,1994.0,"""PEARCH GROVE SUB PB 145-19 T-18292 LOT 4 BLK 1 LOT SIZE 14437 SQ FT F/A/U 30-5027-000-0300 OR 16568-3294 1094 1""","""PEARCH GROVE SUB""","""2100:ESTATES,15000 SQ LOT""",260
Single Family,"""1758.11-65-1071 0467647""",0.0,3.0,2785.0,2020.0,"""LO69 CARLTON POINTE PH3B BM2019-00966""","""CARLTON POINTE""","""R&PUD""",261
Single Family,"""109340-000""",3.0,2.0,1321.0,1943.0,"""ORCHARDS PARK LOTS 1 & 2 & #2 LOT 3 BLK 13 & PTN VAC RD FOR ASSESSOR USE ONLY #2 LOT 3 BEING S 12 THOF TOGWI HALF-WIDTH VACAT""","""ORCHARDS PARK 9-2-2 SE1 4""","""R-18 : CLK""",262
Single Family,"""28-43-24-L2-02000.1030""",3.0,2.0,2034.0,2024.0,"""CORAL BAY PHASE TWO AND THREE AS DESC IN INST 2024000144401 LOT 103""",NaN,"""RPD""",263
Single Family,"""114-32-1990""",3.0,2.0,1746.0,1970.0,"""SABINO VISTA NO 5 LOT 2 (10572/172)""","""SABINO VISTA""",NaN,264
Single Family,"""03-00037452""",0.0,1.0,1768.0,1953.0,"""GRIFFITH TRAIL INTER ITANCE""","""SENECA ETC RES ON KILMAIN""","""R200""",265
Single Family,"""1402471""",3.0,2.5,1700.0,1977.0,"""DIST:14 CITY/MUNI/TWP:NORTH WI SUBD:HILLCREST DEV. S3 N WILKESBORO""","""HILLCREST DEV. S3 N WILKESBORO""",NaN,266
Single Family,"""15-29-226-023""",2.0,1.0,966.0,1955.0,"""HERCULES PARK ADDN : LOT 28 BLK 6 LOT DIMENSIONS: 47.4 X 161.35 APPROX LOT SQ FT 7648 SUBDIVISION: HERCULES PARK RANGE CODE""","""SUBDIVISION""",NaN,267
Single Family,"""09-09-31-413-005""",3.0,1.5,1131.0,1956.0,"""LOT 65 VERNON DOWNS""","""VERNON DOWNS""","""R1C""",268
Apartment,NaN,2.0,2.0,1181.0,0.0,NaN,NaN,NaN,269
Single Family,"""22-2S-27-0830-00B00-0030""",4.0,3.0,3784.0,1996.0,"""DAVIDS LANDING LOT 3 BLK B AS DES IN OR 3061 PG 504""","""DAVID'S LANDING""","""R1""",270
Single Family,"""MANC M:95 B:3770 L:153""",3.0,1.5,1310.0,1983.0,"""LOT:153 BLK:3770 CITY/MUNI/TWP:MANCHESTER""",NaN,"""RC""",271
Single Family,"""WHAR M:G13 B:3421 L:24""",3.0,2.0,1680.0,1951.0,"""LOT:24 BLK:3421 CITY/MUNI/TWP:WEST HARTFORD""",NaN,"""R-6""",272
Single Family,"""786-05-068""",2.0,1.0,810.0,1956.0,"""32 T&SRESUB 0002 ALL MB786 PG05 MB00000 PG0000 MB PG""","""T&SRESUB""","""RSF-M""",273
Single Family,"""0657.01-29-2913 0422278""",0.0,3.0,3005.0,2014.0,"""LO69 THE HIGHLANDS AT ALEXANDER WO0DS BM2014-00829""","""HIGHLANDS/ALEXANDER WOODS""","""R-30""",274
Single Family,"""0436231421""",3.0,2.0,1590.0,2000.0,"""LOT 21 BLK B CANTERBURY TRAILS SEC V""","""CANTERBURY TRAILS SEC V""",NaN,275
Single Family,"""007-05-02-005""",0.0,1.5,1490.0,1954.0,"""L 18 BK M HAMMOND HILLS SEC 2""","""HAMMOND HILLS""",NaN,276
Single Family,"""1N 13E 3 CA 9400""",3.0,1.0,1412.0,1900.0,"""SECTION 10 TOWNSHIP 1N RANGE 13E QUARTER BA PRCL 1200 MAPTAX LOT: 01N13 E10BA01200 00""","""LAUGHLINS BLUFF ADD""","""RH HIGH/MED DENSITY RES""",277
Single Family,"""8360-039-006""",2.0,2.0,1905.0,1986.0,"""*TR=41033 LOT 23""","""41033""","""POOH*""",278
Single Family,"""800-00690-000""",0.0,1.0,1378.0,1949.0,"""2022-015241""","""ORIGINAL TOWN-BENTON""",NaN,279
Apartment,"""445-681-21-00""",12.0,6.0,4680.0,1957.0,"""LP0008PG036 BLK 197*LOTS 40 & 41*""","""UNIVERSITY HEIGHTS""","""R-3:RESTRICTED MULTIPLE""",280
Single Family,"""1013-384-02-0000""",4.0,2.0,1832.0,1972.0,"""TRACT 8487 LOT 13""","""8487""",NaN,281
Single Family,"""16062800300""",3.0,2.5,1705.0,1994.0,"""DIST:9 CITY/MUNI/TWP:UNINCORPORATED SUBD:AUTUMN LAKE PH I""","""AUTUMN LAKE PH I""",NaN,282
Single Family,"""R09107-07-18""",3.0,1.0,1343.0,1950.0,"""LOT 25 BLK F 75X200X75X200 #PR N-84""",NaN,"""RSF-2""",283
Single Family,"""503-71-054""",0.0,3.0,1884.0,2020.0,"""AUSTIN RANCH WEST PARCEL 6 MCR 1386-36""","""AUSTIN RANCH WEST PARCEL 6""","""PAD""",284
Multi-Family,"""M:24 B:4 L:5""",5.0,2.0,2895.0,1908.0,"""MAPNUM: WARDNUM: BLOCKNUM: LOTNUM: UNITNUM:""",NaN,"""RD""",285
Single Family,"""7210-020-011""",3.0,2.0,1175.0,1920.0,"""TRACT NO 3243 LOT 10""","""3243""","""LBR1N""",286
Single Family,"""B42-0006-0002.0-0169.00""",3.0,2.0,2152.0,1988.0,"""GOLDEN ACRES SEC NINE LOT 113 CORNER VIOLA & AMY LYNN DR""","""GOLDEN ACRES""","""R1A""",287
Single Family,"""R72 17007 0027""",2.0,1.0,936.0,1940.0,"""77981""",NaN,NaN,288
Single Family,NaN,5.0,2.5,1630.0,2022.0,NaN,NaN,NaN,289
Single Family,"""THOM M:40 B:11 L:15""",2.0,1.0,1416.0,1850.0,"""LOT:15 BLK:11 CITY/MUNI/TWP:THOMASTON""",NaN,"""GC""",290
Single Family,"""008-671-33""",6.0,6.0,2878.0,2004.0,"""2003-2004,CREATED FROM SPLIT OF PARCEL 008-671-31,PRIMARY NEW PARCEL IS PARCEL 008-671-32,PARCEL IN SW1/4,KOPAS ANTHONY J & T""",NaN,"""A5""",291
Single Family,"""R-2095-00A-0140-1""",4.0,3.0,2980.0,1996.0,"""PRESTON HILLS II ADDITION (CCL), BLK A, LOT 14""","""PRESTON HILLS II ADDITION (CCL)""",NaN,292
Single Family,"""0017-00000-01700""",0.0,0.0,810.0,0.0,"""A0017 A HERNANDEZ SUR, TRACT 17, ACRES 60.9""","""A HERNANDEZ SUR""",NaN,293
Single Family,"""23M-3-3-101-1""",4.0,2.5,1746.0,1954.0,"""LOCKWOOD GARDENS SEC A & LOT PT 33 12 9 87""","""LOCKWOOD GARDENS SEC A""","""32R3""",294
Single Family,"""R-8570-00B-0140-1""",3.0,2.0,1831.0,2004.0,"""RANCH PHASE 5 AT NORTH HILL (CMR), BLK B, LOT 14""","""RANCH PHASE 5 AT NORTH HILL (CMR)""",NaN,295
Single Family,"""0720183010""",2.0,1.5,1408.0,1907.0,"""FTD PLUMB'S ADD LOT 3 BLK 5""","""FTD PLUMB'S ADD""",NaN,296
Single Family,"""931-15-029""",3.0,1.0,1480.0,1920.0,"""18 B&M 0066 ALL MB931 PG15 MB09632 PG0037""","""BLISS & MAYHEWS""","""R1-50""",297
Single Family,"""25533""",0.0,0.0,2145.0,1992.0,"""C0000 CORSICANA BLK 1206 LOT 23 .232 ACRES""","""CORSICANA""",NaN,298
Single Family,"""14-28-209-060""",0.0,0.0,1387.0,2003.0,"""ROLLING OAKS (FINAL PLAT) THAT PART OF LOT 17 DESC IN DOC 2004K067763 & 2005K068414""","""ROLLING OAKS""",NaN,299
Single Family,"""R-11327-00A-0350-1""",3.0,2.0,1873.0,2017.0,"""ANNA CROSSING PHASE 1B (CAN), BLK A, LOT 35""","""ANNA CROSSING PHASE 1B (CAN)""",NaN,300
Manufactured,"""910-000-159-000""",0.0,0.0,0.0,0.0,"""MH @ GOLDEN WHEELS MH PARK SPC 13""",NaN,NaN,301
Single Family,NaN,4.0,3.0,1974.0,0.0,NaN,NaN,NaN,302
Single Family,"""073901009""",0.0,0.0,2655.0,2001.0,"""LOT 198 SOUTHHAMPTON PHASE 1""","""SOUTHHAMPTON PHASE 1""",NaN,303
Single Family,"""BRIS M:35 L:10-520""",3.0,2.5,1540.0,1956.0,"""LOT:10-520 CITY/MUNI/TWP:BRISTOL""",NaN,"""R-15""",304
Single Family,"""82-04-29-002-764.080-019""",3.0,2.0,1586.0,2002.0,"""CLEAR CREEK VILLAGE SEC V LOT 346""","""CLEAR CRK VILLAGE SECONDARY S""",NaN,305
Single Family,"""029-06-03-065.02""",3.0,2.0,1232.0,2013.0,"""HOUSE & LOT 8A 243 FORRESTA CT""",NaN,NaN,306
Single Family,"""290-67766-0-0000""",4.0,3.5,3714.0,2000.0,"""DIST:290 CITY/MUNI/TWP:EAST HEMPFIELD TWP""","""HUNTERS PATH""","""SR""",307
Manufactured,NaN,2.0,1.0,924.0,1983.0,NaN,NaN,NaN,308
Single Family,"""09-06-13-1-010-012-001""",0.0,1.5,1699.0,0.0,"""N30' OF LOT 26 S30' OF LOT 25 BLK R E CARVER PARK SUB""","""EAST CARVER""",NaN,309
Apartment,NaN,1.0,1.0,717.0,0.0,NaN,NaN,NaN,310
Single Family,"""086-270-063-000""",2.0,1.0,1050.0,1988.0,"""SUBD:COTTONWOOD NORTH""","""COTTONWOOD NORTH""","""R-1-BSM""",311
Single Family,"""10992-0039""",0.0,0.0,1672.0,1930.0,"""LOT:39 BLK:10992 SEC:4804""",NaN,"""R2""",312
Single Family,"""1575-19-4-01-047""",4.0,2.5,2046.0,1994.0,"""LOT 47 BLK 2 ROCK CREEK RANCH FLG 12""","""ROCK CREEK RANCH FLG 12 - SU""","""1112""",313
Single Family,"""082W06AA11000""",3.0,3.5,1743.0,2005.0,"""SANTIAM MEADOW NO. 1, LOT 35""","""SANTIAM MEADOW NO 1 IN SALEM""","""RS""",314
Single Family,"""05-01-377-018-0""",3.0,1.0,1040.0,1901.0,"""5 -3-1 .6000 AC.""","""JOSIAH ROGERS ADD""",NaN,315
Condo,"""02450-1248""",0.0,0.0,1793.0,1981.0,"""LOT:1248 BLK:2450 SEC:1002 DIST:02""","""MANORS AT ELMWOOD PARK CONDO""","""R5""",316
Single Family,"""0447-08-0053""",2.0,2.0,1495.0,1979.0,"""LOT 27 & W 1/2 OF LOT 26 BLK 9 VENICE EAST 3RD ADD""","""VENICE EAST 3RD ADD""","""RSF2""",317
Single Family,NaN,2.0,2.0,1050.0,1981.0,NaN,NaN,NaN,318
Single Family,"""2-07-3-06-09-0-00087-00""",3.0,0.0,2217.0,2006.0,"""HIGHLAND GROVE SEC A LOT 87""","""HIGHLAND GROVE SEC A""","""PUD""",319
Single Family,"""9885-93-0949""",3.0,3.0,2227.0,1998.0,"""26 PH 2 CHARLES WOODS P78/36""","""CHARLES WOODS""","""AR""",320
Condo,"""0210694""",2.0,2.0,1202.0,1999.0,"""RIVER VIEW""","""COMMONS/RIVER VIEW CONDOS""","""CU-RM-12""",321
Single Family,"""01-9.0-32.0-3-002-051.""",2.0,2.0,1575.0,2018.0,"""PALMER PLACE LOT 16A""","""PALMER PLACE""",NaN,322
Single Family,"""301-79-227""",0.0,3.0,3435.0,1999.0,"""HARBOR ISLAND AMD MCR 296-18""","""HARBOR ISLAND AMD LOT 1-108 TR A-I""","""M-L""",323
Single Family,NaN,0.0,0.0,0.0,0.0,NaN,NaN,NaN,324
Single Family,"""8-00-129.01-02-38.00-000""",3.0,1.0,864.0,1979.0,"""FELTON HEIGHTS, LOT #105, 0.2472 A. 52 CAROLINE AVENUE""","""FELTON HEIGHTS - SECTION 1""","""RS1""",325
Single Family,"""025  10     063""",4.0,2.5,2070.0,2002.0,"""LT 63 SEC 3 CRYSTAL HILL""","""CRYSTAL HILL""",NaN,326
Single Family,"""WROX W:20 P:03975 S:001""",3.0,2.5,1846.0,1950.0,"""DIST:35 CITY/MUNI/TWP:BOSTON-WEST ROXBURY""","""BOSTON""","""R1""",327
Unknown,NaN,2.0,2.0,1092.0,0.0,NaN,NaN,NaN,328
Single Family,"""1156390060022""",4.0,2.5,2288.0,1993.0,"""LT 22 BLK 6 SOUTHWEST CROSSING SEC 7""","""SOUTHWEST CROSSING""",NaN,329
Single Family,"""161-20-212-024""",3.0,2.0,1449.0,1974.0,"""VILLA BONITA SOUTH UNIT #1 PLAT BOOK 16 PAGE 10 LOT 24 BLOCK 2""","""VILLA BONITA SOUTH UNIT #1""",NaN,330
Single Family,"""SLEM M:136  B:10083  L:""",3.0,2.5,1484.0,1986.0,"""BLK:10083 CITY/MUNI/TWP:SALEM""",NaN,"""RES""",331
Single Family,"""30-5031-004-0200""",3.0,2.0,1636.0,1964.0,"""GREEN HILLS SEC 4 PB 77-94 LOT 11 BLK 19 OR 21075-0376 022003 6 COC 26035-1843 10 2007 5""","""GREEN HILLS SEC 4""","""2100:ESTATES,15000 SQ LOT""",332
Single Family,NaN,4.0,2.0,2240.0,2022.0,NaN,NaN,NaN,333
Apartment,"""R6787324""",2.0,2.5,2085.0,2017.0,"""L52 LIGHTHOUSE POINT TOWNHOMES 3RD FG""","""LIGHTHOUSE POINT TOWNHOMES 3RD FG""",NaN,334
Single Family,"""001-124-005-000""",3.0,1.0,960.0,1958.0,"""LOT 55 WEST LINCOLN PARK 5RM86""","""WEST LINCOLN PARK""","""RS 5""",335
Single Family,"""6-17-340A.1""",3.0,3.0,3108.0,1997.0,"""PT NW1/4 SW1/4 PT GOVT LOT 1 CERTIFIED SURVEY MAP #1139748 VOL 15 PG 197-199 LOT 1""","""PT GOVT""",NaN,336
Single Family,"""222-11-01-015""",4.0,2.5,2144.0,2005.0,"""ASSESSMENT DISTRICT: 318BERKELEY COMMONSPHASE 1""","""BERKELEY COMMONS""","""BERKELEY COUNTY - R1""",337
Townhouse,"""13-1-4178-00""",2.0,2.0,870.0,1930.0,"""15' SW SCHUYLER ST""",NaN,"""RSA5""",338
Single Family,"""R-3809-028DC-07800-000""",4.0,2.0,2144.0,1984.0,"""DIXON, BLOCK 10, LOT 13""","""DIXON""","""A""",339
Single Family,"""036-C00-03-012""",5.0,3.0,2592.0,0.0,"""LT 35 SEC 1 MALLARD LAKE""","""MALLARD LAKE""",NaN,340
Single Family,"""7544 25 251 002""",2.0,2.0,604.0,1920.0,"""AUD SUB PT S1/2 NE 25-75-44 NWLY TRI LT 20 & PT W1/2 NE COMM NE COR LT 20 TH SW64' NW67.5' NE62'SE68' TO POB""","""AUD SUB""","""R-2""",341
Single Family,NaN,3.0,2.0,1689.0,2000.0,NaN,NaN,NaN,342
Single Family,"""R0495697""",4.0,3.0,3195.0,2021.0,"""LOT 4 BLOCK 7 TERRAIN 1 AMD 1 0.152 AM/L""","""TERRAIN""",NaN,343
Single Family,"""16 027 04 027""",4.0,2.5,2306.0,1991.0,"""CITY/MUNI/TWP:UNINCORPORATED""","""HIDDEN HILLS""","""RM100""",344
Single Family,"""09-4025-061-0390""",4.0,3.0,3184.0,1980.0,"""GABLES EDGE PB 94-54 LOT 39 BLK 1 OR 17448-1463 1196 1 COC 22552-4135 07 2004 1""","""GABLES EDGE""","""0800:SGL FAM,1701-1900 SQ""",345
Condo,"""34540240008""",2.0,2.0,1023.0,1979.0,"""FRENCH VILLAGE OF MARCO, THE A CONDOMINIUM UNIT 106""","""FRENCH VILLAGE OF MARCO, THE""",NaN,346
Townhouse,"""464-020-34-36""",2.0,2.0,1038.0,1976.0,"""TR 8877 LOT 1*US118PER DOC78-233658&UND FRACTL INT IN""","""LAKE PARK""","""R-1:SINGLE FAM-RES""",347
Single Family,"""045-674-010-000""",4.0,2.5,2535.0,2002.0,"""*4471 BRDGWY ISL 6/2 L105 MB 2001 PG 71-75""","""BRIDGEWAY ISL 6/2""","""P-D""",348
Single Family,"""17051900470""",4.0,3.0,2724.0,2018.0,"""DIST:6 CITY/MUNI/TWP:SMYRNA SUBD:TAYLOR""","""TAYLOR""",NaN,349
Single Family,"""016-03089-103""",0.0,2.5,2136.0,1964.0,"""---""","""WALKER HEIGHTS ADD""",NaN,350
Single Family,"""26-12-07-101-002.521-028""",3.0,2.0,1810.0,1950.0,"""FOREST PARK 1PT""",NaN,NaN,351
Single Family,"""0170596""",3.0,2.0,2793.0,2002.0,""".98AC L12 PB 143-98 BULL RUNN SUB""","""BULL RUNN SUB""","""RS-40""",352
Single Family,"""332504-9079""",4.0,2.5,2140.0,2020.0,"""UNIT LOT G OF SEATTLE SP #3037140-LU REC #20220309900002 SD SP BEING POR OF NW 1/4 OF NW 1/4 OF NE 1/4 OF NW 1/4 STR 33-""","""STEWART #8""","""NC2-75 (M1)""",353
Condo,"""26-16363-00K-201-00-00""",2.0,1.0,872.0,1980.0,"""ENGLISH ESTATES 7 BLD K UNIT 201 BLDG K UNIT 201 CE 2% VOL93025/1384 DD012393 CO-DALLAS 1636300K20100 3261636300K""","""ENGLISH ESTATES""",NaN,354
Single Family,"""320200 84.05-3-34""",4.0,1.5,2211.0,1905.0,"""LOT:34.000 BLK:3 SEC:84.05 DIST:320200 CITY/MUNI/TWP:CANANDAIGUA""",NaN,"""R1B""",355
Single Family,"""N-000-1454-008""",0.0,1.0,961.0,1961.0,"""L213-214 0060.00X0090.00 0000.000""","""BROOKLAND TERRACE""","""R-5 SINGLE FAMILY""",356
Single Family,"""R-17-W346-1P5B-T017""",5.0,3.0,2476.0,2014.0,"""S10385 - SUMMERLYN PH P-5B, BLOCK T, LOT 17""","""SUMMERLYN PH P-5B""",NaN,357
Single Family,"""1072-A-118""",3.0,2.5,3870.0,1959.0,"""CEDAR PLAN 2 LOT 193XAVG288.58X193.32 GRUBBS RD 1 STY BRK HSE & GAR""",NaN,NaN,358
Land,NaN,3.0,2.5,2607.0,2022.0,NaN,NaN,NaN,359
Single Family,"""0100-132.00-02.00-077.000""",0.0,2.0,1319.0,1964.0,"""F M 161 SEC 5 BLK 12 LTS 21-25 INC""","""EZRA PARK SEC 05""","""B""",360
Single Family,"""380539500B0020000""",3.0,2.0,2224.0,1992.0,"""CREEK CROSSING ESTATES 14 BLK B LOT 2 INT201500285376 DD10162015 CO-DC 0539500B00200 1CM0539500B""","""CREEK CROSSING ESTATES""","""Z375""",361
Single Family,"""22914.0000-6""",3.0,2.0,1456.0,1957.0,"""LOT 5 & N 21 FT OF LOT 6 NORTH SIDE SUB PI#22914.0000/6""","""NORTH SIDE""","""RSF-6""",362
Single Family,"""09-384-00-0017""",0.0,1.0,2040.0,1925.0,"""TOWN #2 SCH DIST 010""",NaN,NaN,363
Single Family,"""161-04-510-069""",2.0,1.0,862.0,1981.0,"""WINTERWOOD SUNRISE UNIT #1 PLAT BOOK 26 PAGE 15 LOT 25 BLOCK 8""","""WINTERWOOD SUNRISE UNIT #1""",NaN,364
Single Family,NaN,4.0,3.0,2567.0,2008.0,NaN,NaN,NaN,365
Apartment,NaN,2.0,2.0,1088.0,0.0,NaN,NaN,NaN,366
Single Family,"""03-29-328-006""",3.0,0.0,1891.0,1987.0,"""WALNUT HILL OF SLEEPY HOLLOW - LOT 111""","""SADDLE CLUB""",NaN,367
Land,"""55-04-11-220-100.000-022""",4.0,2.0,1771.0,2023.0,"""LOT 554 HOMESTEAD SECTION 8""",NaN,NaN,368
Single Family,"""06-0799-19-2-18-18-0000""",2.0,2.0,1500.0,1976.0,"""GRAFS 3RD ADD, S19, T02 S, R06 E, BLOCK 1, LOT 3, ACRES 0.312""","""GRAFS 3RD ADD""","""1""",369
Single Family,"""509-03-5000""",3.0,2.0,1248.0,2005.0,"""PHASE 2 AT MORNING SUN FARMS LOT 399 SEC 1-3S-7E 8313 SQ FT .19 A C""","""MORNING SUN FARMS""",NaN,370
Single Family,"""NATI M:00000033 P:00000113""",3.0,2.0,2296.0,1950.0,"""CITY/MUNI/TWP:NATICK""",NaN,"""RSA""",371
Single Family,"""54461""",0.0,1.0,462.0,0.0,"""LEACH ADDITION, BLOCK 1, LOT PART 1""","""LEACH ADDITION""",NaN,372
Single Family,"""40685-167-36""",4.0,2.0,1930.0,1998.0,"""SUMMERFIELDS ADDITION BLOCK 167 LOT 36""","""SUMMERFIELDS ADDITION""",NaN,373
Condo,"""14 0250  LL0678""",2.0,2.5,1600.0,2006.0,"""KA CASCADE PARC THE CHESTNUT LOT 64A CASCADE PARC""","""CASCADE PARC PH A""","""R4""",374
Single Family,"""41-020-002""",3.0,1.0,1728.0,1925.0,NaN,NaN,NaN,375
Single Family,"""29-15-10-016-019.000-020""",0.0,2.5,3847.0,1999.0,"""ACREAGE .15, SECTION 10, TOWNSHIP 17, RANGE 5, BROOKSTON PLACE, SECTION 3, LOT 113, IRREGULAR SHAPE""","""BROOKSTON PLACE""",NaN,376
Single Family,"""6053000060""",5.0,2.0,2104.0,1966.0,"""SECTION 14 TOWNSHIP 20 RANGE 02 QUARTER 34 MONTANE DIV # 1 MONTANE DIV # 1 L 6 B 1 EASE OF RECORD""","""MONTANE DIV # 1""","""R1""",377
Townhouse,"""22-35-27-03-0000J.0-0006.00""",2.0,2.0,1096.0,1981.0,"""PINETREE GARDENS LOT 6 BLK J""","""PINETREE GARDENS""","""R1B""",378
Single Family,"""24097500090170000""",4.0,2.0,1218.0,1956.0,"""JOHNSTON PARK 1 BLK 9 LOT 17 VOL99086/6167 DD042399 CO-DALLAS 0975000901700 12409750009""","""JOHNSTON PARK""","""Z223""",379
Apartment,NaN,2.0,2.0,1131.0,0.0,NaN,NaN,NaN,380
Single Family,"""R216291""",4.0,4.0,4688.0,2001.0,"""SADDLE OAKS ADDN BLK 3 LOT 10""","""SADDLE OAKS ADDN""",NaN,381
Single Family,"""131992050008015""",3.0,2.5,2480.0,1994.0,"""FOUNTAIN HILLS 1 BLOCK 8 LOT 15 DECLARATION OF COVENANTS, CONDITIONS AND RESTRICTIONSRECORDED 7393 (VOL 584 PAGE 318)RECORDS""","""FOUNTAIN HILLS 1""",NaN,382
Single Family,"""0670750090222""",3.0,2.5,1603.0,2019.0,"""LT 222 BLK 9 WILSHIRE PLACE""","""WILSHIRE PLACE""",NaN,383
Single Family,"""023-09-05-012.00""",3.0,1.0,1925.0,1968.0,"""LOT 8 BLOCK 3 INDIAN HILLS SUBDIVISION""","""INDIAN HILLS SUBITION""","""RESIDENTIAL""",384
Apartment,NaN,1.0,1.0,795.0,0.0,NaN,NaN,NaN,385
Apartment,NaN,0.0,0.0,0.0,1969.0,NaN,NaN,NaN,386
Single Family,"""1-50000-0500-13-022010""",0.0,0.0,0.0,0.0,"""FOREST MEADOWS NORTHBLOCK 500-M LOT 22A""","""FOREST MEADOWS NORTH""",NaN,387
Single Family,"""17022-032-0020""",3.0,2.0,1967.0,1975.0,"""NCB 17022 BLK 32 LOT 2""","""CONV A/S CODE""",NaN,388
Single Family,"""12  01605-0000-00002""",4.0,3.0,2666.0,1909.0,"""LOT:2 BLK:1605 DIST:12 CITY/MUNI/TWP:EDGEWATER PARK TWP MAP REF:TAX MAP 16""",NaN,NaN,389
Single Family,"""060L0-00-03-04900""",4.0,3.5,1791.0,2017.0,"""OUT OF BOUNDS, LOT 49, BLOCK 3""","""OUT OF BOUNDS""","""NMD""",390
Single Family,"""06-201-547""",5.0,2.5,3275.0,2001.0,"""#28 CARISBROOKE@HUNTER OA""","""HUNTER OAKS - CARISBROOKE""","""R-20 UNION COUNTY""",391
Condo,NaN,2.0,1.0,0.0,0.0,NaN,NaN,NaN,392
Single Family,"""153  07507""",4.0,4.0,4748.0,1987.0,"""SUBDIVISIONNAME KINCER FARMS S/D UN 2 MAPPLATB 80S MAPPLATP 30""","""KINCER FARMS S/D UN 2""",NaN,393
Single Family,"""8674-A-17""",3.0,2.0,2879.0,2010.0,"""CRESCENT SPRINGS RANCH I & II BLOCK A LOT 17""","""CRESCENT SPRINGS RANCH I & II""",NaN,394
Single Family,"""017010050050""",0.0,0.0,0.0,0.0,"""SOUTHEASTERN ADDITION LOT 6 BLOCK 25 LOT SZ: 60 X 140""","""SOUTHEASTERN ADD""",NaN,395
Single Family,"""18-005.00-019""",4.0,2.5,2900.0,1990.0,"""LOT:120 DIST:18 SUBD:CHRISTIANSTEAD""","""CHRISTIANSTEAD""","""18RH""",396
Condo,"""32382102607""",3.0,2.0,1500.0,2001.0,"""FAIRWAY PRESERVE AT OLDE CYPRESS A CONDOMINIUM # 622""","""FAIRWAY PRESERVE AT OLDE""",NaN,397
Single Family,"""42-00-03722-00""",3.0,1.5,1420.0,1953.0,"""DIST:42 CITY/MUNI/TWP:SPRINGFIELD TWP MAP REF:42-05 -054-000""",NaN,NaN,398
Single Family,"""4115-0124-000""",0.0,2.0,2313.0,1977.0,"""FLAGRIDGE ESTATES (LAKE JACKSON), BLOCK 11, LOT 3 PRIMARY SITE""","""FLAGRIDGE ESTATES""",NaN,399
Single Family,NaN,1.0,1.0,856.0,1959.0,NaN,NaN,NaN,400
